ID,Name,Type,Parent,Description
P001,AOL 303,Product,,
P002,AOL 304,Product,,
P003,AOL 305,Addon,P002,
P004,AOL 306,Product,,
P005,AOL 307,Product,,
P006,AOL 308,Addon,P002,
P007,AOL 309,Product,,
P008,AOL 310,Product,,
P009,AOL 311,Addon,P002,
P010,AOL 312,Product,,
P011,AOL 313,Product,,
P012,AOL 314,Addon,P002,
P013,AOL 315,Product,,
P014,AOL 316,Product,,
P015,AOL 317,Addon,P010,
P016,AOL 318,Product,,
P017,AOL 319,Product,,
P018,AOL 320,Addon,P010,
P019,AOL 321,Product,,
P020,AOL 322,Product,,
P021,AOL 323,Addon,P010,
P022,AOL 324,Product,,
P023,AOL 325,Product,,
P024,AOL 326,Addon,P022,
P025,AOL 327,Product,,
P026,AOL 328,Product,,
P027,AOL 329,Addon,P022,
P028,AOL 330,Product,,
P029,AOL 331,Product,,
P030,AOL 332,Addon,P022,
P031,AOL 333,Product,,
P032,AOL 334,Product,,
P033,AOL 335,Addon,P029,
P034,AOL 336,Product,,
P035,AOL 337,Product,,
P036,AOL 338,Addon,P029,
P037,AOL 339,Product,,
P038,AOL 340,Product,,
P039,AOL 341,Addon,P029,
P040,AOL 342,Product,,
P041,AOL 343,Product,,